concept_code,index_code,name,source
BK0891,BK0891,国产芯片,东方财富
BK1137,BK1137,存储芯片,东方财富
BK0578,BK0578,稀土永磁,东方财富
BK0917,BK0917,半导体概念,东方财富
BK1048,BK1048,IGBT概念,东方财富
BK0935,BK0935,中芯概念,东方财富
BK1183,BK1183,谷子经济,东方财富
BK0580,BK0580,LED,东方财富
BK0951,BK0951,刀片电池,东方财富
BK0893,BK0893,无线耳机,东方财富
BK1173,BK1173,锂矿概念,东方财富
BK0969,BK0969,汽车芯片,东方财富
BK1187,BK1187,小红书概念,东方财富
BK0664,BK0664,婴童概念,东方财富
BK0990,BK0990,快递概念,东方财富
BK0902,BK0902,MiniLED,东方财富
BK0960,BK0960,无线充电,东方财富
BK0957,BK0957,拼多多概念,东方财富
BK1130,BK1130,时空大数据,东方财富
BK0916,BK0916,氮化镓,东方财富
BK1141,BK1141,混合现实,东方财富
BK1185,BK1185,冰雪经济,东方财富
BK1125,BK1125,电子后视镜,东方财富
BK0841,BK0841,体外诊断,东方财富
BK1095,BK1095,钒电池,东方财富
BK0825,BK0825,新零售,东方财富
BK1168,BK1168,铜缆高速连接,东方财富
BK0965,BK0965,社区团购,东方财富
BK1127,BK1127,AI芯片,东方财富
BK0954,BK0954,盲盒经济,东方财富
BK1186,BK1186,首发经济,东方财富
BK0945,BK0945,装配建筑,东方财富
BK0666,BK0666,苹果概念,东方财富
BK0656,BK0656,智能电视,东方财富
BK0695,BK0695,小金属概念,东方财富
BK0685,BK0685,举牌,东方财富
BK1086,BK1086,粮食概念,东方财富
BK0547,BK0547,黄金概念,东方财富
BK1118,BK1118,数据确权,东方财富
BK0892,BK0892,乳业,东方财富
BK0907,BK0907,转基因,东方财富
BK0942,BK0942,商汤概念,东方财富
BK1101,BK1101,Chiplet概念,东方财富
BK0643,BK0643,上海自贸,东方财富
BK1079,BK1079,户外露营,东方财富
BK0928,BK0928,抖音小店,东方财富
BK0993,BK0993,宠物经济,东方财富
BK0641,BK0641,智能穿戴,东方财富
BK1172,BK1172,AI语料,东方财富
BK1108,BK1108,科创板做市股,东方财富
BK0866,BK0866,人造肉,东方财富
BK0672,BK0672,沪企改革,东方财富
BK0865,BK0865,电子烟,东方财富
BK0677,BK0677,粤港自贸,东方财富
BK0901,BK0901,3D摄像头,东方财富
BK0803,BK0803,股权转让,东方财富
BK0693,BK0693,基因测序,东方财富
BK0884,BK0884,光刻机(胶),东方财富
BK0898,BK0898,胎压监测,东方财富
BK0822,BK0822,租售同权,东方财富
BK1073,BK1073,啤酒概念,东方财富
BK0880,BK0880,UWB概念,东方财富
BK0636,BK0636,B股,东方财富
BK0850,BK0850,进口博览,东方财富
BK0975,BK0975,磁悬浮概念,东方财富
BK0887,BK0887,鸡肉概念,东方财富
BK1098,BK1098,生物质能发电,东方财富
BK1103,BK1103,熔盐储能,东方财富
BK1121,BK1121,第四代半导体,东方财富
BK0807,BK0807,共享经济,东方财富
BK0811,BK0811,超级品牌,东方财富
BK0896,BK0896,白酒,东方财富
BK0933,BK0933,退税商店,东方财富
BK0690,BK0690,氟化工,东方财富
BK1178,BK1178,AI眼镜,东方财富
BK0981,BK0981,工业气体,东方财富
BK0709,BK0709,赛马概念,东方财富
BK1066,BK1066,民爆概念,东方财富
BK0708,BK0708,体育产业,东方财富
BK1070,BK1070,土壤修复,东方财富
BK0904,BK0904,广电,东方财富
BK0952,BK0952,第三代半导体,东方财富
BK0805,BK0805,钛白粉,东方财富
BK0983,BK0983,核污染防治,东方财富
BK0943,BK0943,汽车拆解,东方财富
BK1074,BK1074,托育服务,东方财富
BK0622,BK0622,地热能,东方财富
BK1053,BK1053,低价股,东方财富
BK0976,BK0976,被动元件,东方财富
BK0959,BK0959,数字阅读,东方财富
BK1052,BK1052,动力电池回收,东方财富
BK1082,BK1082,噪声防治,东方财富
BK0849,BK0849,京东金融,东方财富
BK1007,BK1007,植物照明,东方财富
BK1152,BK1152,高带宽内存,东方财富
BK0946,BK0946,EDA概念,东方财富
BK0938,BK0938,代糖概念,东方财富
BK0868,BK0868,GDR,东方财富
BK0949,BK0949,氦气概念,东方财富
BK0806,BK0806,精准医疗,东方财富
BK1068,BK1068,净水概念,东方财富
BK0818,BK0818,可燃冰,东方财富
BK1151,BK1151,短剧互动游戏,东方财富
BK1023,BK1023,培育钻石,东方财富
BK0992,BK0992,REITs概念,东方财富
BK0979,BK0979,低碳冶金,东方财富
BK0915,BK0915,WiFi,东方财富
BK1165,BK1165,娃哈哈概念,东方财富
BK1109,BK1109,供销社概念,东方财富
BK1025,BK1025,预制菜概念,东方财富
BK0520,BK0520,社保重仓,东方财富
BK0603,BK0603,页岩气,东方财富
BK0940,BK0940,网红经济,东方财富
BK0665,BK0665,电商概念,东方财富
BK0840,BK0840,OLED,东方财富
BK1124,BK1124,毫米波概念,东方财富
BK0669,BK0669,生态农业,东方财富
BK0881,BK0881,3D玻璃,东方财富
BK0855,BK0855,纳米银,东方财富
BK1099,BK1099,轮毂电机,东方财富
BK0914,BK0914,医废处理,东方财富
BK0950,BK0950,草甘膦,东方财富
BK0524,BK0524,参股期货,东方财富
BK1077,BK1077,统一大市场,东方财富
BK0890,BK0890,MLCC,东方财富
BK1149,BK1149,星闪概念,东方财富
BK0853,BK0853,电子竞技,东方财富
BK1069,BK1069,智慧灯杆,东方财富
BK1102,BK1102,空气能热泵,东方财富
BK1065,BK1065,气溶胶检测,东方财富
BK1147,BK1147,SPD概念,东方财富
BK1054,BK1054,DRG/DIP,东方财富
BK0882,BK0882,猪肉概念,东方财富
BK1026,BK1026,调味品概念,东方财富
BK0888,BK0888,农业种植,东方财富
BK1116,BK1116,抗菌面料,东方财富
BK0996,BK0996,毛发医疗,东方财富
BK0872,BK0872,青蒿素,东方财富
BK1076,BK1076,建筑节能,东方财富
BK0925,BK0925,北交所概念,东方财富
BK1119,BK1119,PLC概念,东方财富
BK1131,BK1131,同步磁阻电机,东方财富
BK1177,BK1177,荣耀概念,东方财富
BK1097,BK1097,TOPCon电池,东方财富
BK1011,BK1011,环氧丙烷,东方财富
BK1012,BK1012,PVDF概念,东方财富
BK1003,BK1003,抽水蓄能,东方财富
BK0566,BK0566,滨海新区,东方财富
BK1169,BK1169,Kimi概念,东方财富
BK0606,BK0606,油气设服,东方财富
BK0967,BK0967,水产养殖,东方财富
BK1084,BK1084,数字哨兵,东方财富
BK0511,BK0511,ST股,东方财富
BK0964,BK0964,6G概念,东方财富
BK0927,BK0927,免税概念,东方财富
BK0671,BK0671,彩票概念,东方财富
BK0894,BK0894,阿兹海默,东方财富
BK0948,BK0948,MicroLED,东方财富
BK0994,BK0994,空间站概念,东方财富
BK0977,BK0977,碳化硅,东方财富
BK1179,BK1179,房屋检测,东方财富
BK0924,BK0924,地摊经济,东方财富
BK1107,BK1107,科创板做市商,东方财富
BK0936,BK0936,长寿药,东方财富
BK0724,BK0724,海绵城市,东方财富
BK1080,BK1080,新型城镇化,东方财富
BK1133,BK1133,ERP概念,东方财富
BK1057,BK1057,电子纸概念,东方财富
BK1085,BK1085,痘病毒防治,东方财富
BK0501,BK0501,次新股,东方财富
BK0974,BK0974,化妆品概念,东方财富
BK0971,BK0971,注册制次新股,东方财富
BK1006,BK1006,碳基材料,东方财富
BK1058,BK1058,地下管网,东方财富
BK1143,BK1143,空间计算,东方财富
BK0614,BK0614,食品安全,东方财富
BK1112,BK1112,破净股,东方财富
BK1072,BK1072,中俄贸易概念,东方财富
BK1190,BK1190,虚拟机器人,东方财富
BK1175,BK1175,玻璃基板,东方财富
BK1010,BK1010,磷化工,东方财富
BK0912,BK0912,远程办公,东方财富
BK0980,BK0980,化债(AMC)概念,东方财富
BK1142,BK1142,裸眼3D,东方财富
BK1001,BK1001,内贸流通,东方财富
BK1162,BK1162,AI手机,东方财富
BK0600,BK0600,参股新三板,东方财富
BK0955,BK0955,C2M概念,东方财富
BK0699,BK0699,全息技术,东方财富
BK1132,BK1132,MLOps概念,东方财富
BK0947,BK0947,屏下摄像,东方财富
BK0961,BK0961,有机硅,东方财富
BK1049,BK1049,EDR概念,东方财富
BK1148,BK1148,BC电池,东方财富
BK1014,BK1014,发电机概念,东方财富
BK1115,BK1115,跨境电商,东方财富
BK0534,BK0534,成渝特区,东方财富
BK0692,BK0692,旅游概念,东方财富
BK0885,BK0885,VPN,东方财富
BK0897,BK0897,IPv6,东方财富
BK0842,BK0842,富士康,东方财富
BK0838,BK0838,东北振兴,东方财富
BK0982,BK0982,电子车牌,东方财富
BK0817,BK0817,昨日触板,东方财富
BK0847,BK0847,影视概念,东方财富
BK0801,BK0801,增强现实,东方财富
BK0913,BK0913,消毒剂,东方财富
BK0610,BK0610,央视50_,东方财富
BK1092,BK1092,麒麟电池,东方财富
BK0509,BK0509,网络游戏,东方财富
BK0632,BK0632,土地流转,东方财富
BK1158,BK1158,微盘股,东方财富
BK0939,BK0939,辅助生殖,东方财富
BK0921,BK0921,卫星互联网,东方财富
BK1113,BK1113,复合集流体,东方财富
BK0674,BK0674,蓝宝石,东方财富
BK0839,BK0839,知识产权,东方财富
BK0862,BK0862,超级真菌,东方财富
BK0721,BK0721,PPP模式,东方财富
BK0972,BK0972,快手概念,东方财富
BK1196,BK1196,2025中报扭亏,东方财富
BK0597,BK0597,水利建设,东方财富
BK0498,BK0498,AB股,东方财富
BK0629,BK0629,北斗导航,东方财富
BK1180,BK1180,华为海思,东方财富
BK0852,BK0852,冷链物流,东方财富
BK0926,BK0926,湖北自贸,东方财富
BK1063,BK1063,重组蛋白,东方财富
BK1093,BK1093,汽车一体化压铸,东方财富
BK0706,BK0706,人脑工程,东方财富
BK1047,BK1047,数据安全,东方财富
BK1002,BK1002,激光雷达,东方财富
BK0703,BK0703,超级电容,东方财富
BK1171,BK1171,碳纤维,东方财富
BK1182,BK1182,智谱AI,东方财富
BK0856,BK0856,工业大麻,东方财富
BK1192,BK1192,雅下水电概念,东方财富
BK0684,BK0684,京津冀,东方财富
BK0519,BK0519,稀缺资源,东方财富
BK1022,BK1022,职业教育,东方财富
BK1145,BK1145,机器人执行器,东方财富
BK1163,BK1163,可控核聚变,东方财富
BK0997,BK0997,NFT概念,东方财富
BK0875,BK0875,ETC,东方财富
BK0886,BK0886,智慧政务,东方财富
BK0679,BK0679,超导概念,东方财富
BK0909,BK0909,降解塑料,东方财富
BK1008,BK1008,国资云概念,东方财富
BK0711,BK0711,券商概念,东方财富
BK1159,BK1159,Sora概念,东方财富
BK0944,BK0944,肝素概念,东方财富
BK0895,BK0895,维生素,东方财富
BK0889,BK0889,医疗美容,东方财富
BK0859,BK0859,超清视频,东方财富
BK1094,BK1094,钙钛矿电池,东方财富
BK1129,BK1129,数字水印,东方财富
BK0512,BK0512,化工原料,东方财富
BK0918,BK0918,特高压,东方财富
BK1087,BK1087,超超临界发电,东方财富
BK0873,BK0873,垃圾分类,东方财富
BK0932,BK0932,尾气治理,东方财富
BK1195,BK1195,2025中报预减,东方财富
BK1164,BK1164,AIPC,东方财富
BK0837,BK0837,互联医疗,东方财富
BK1056,BK1056,幽门螺杆菌概念,东方财富
BK0970,BK0970,生物识别,东方财富
BK0722,BK0722,虚拟现实,东方财富
BK0985,BK0985,换电概念,东方财富
BK0908,BK0908,HIT电池,东方财富
BK0625,BK0625,通用航空,东方财富
BK0698,BK0698,免疫治疗,东方财富
BK0492,BK0492,煤化工,东方财富
BK0680,BK0680,智能家居,东方财富
BK0843,BK0843,天然气,东方财富
BK0834,BK0834,乡村振兴,东方财富
BK0676,BK0676,独家药品,东方财富
BK0988,BK0988,钠离子电池,东方财富
BK0812,BK0812,贬值受益,东方财富
BK0991,BK0991,工程机械概念,东方财富
BK1176,BK1176,财税数字化,东方财富
BK1181,BK1181,并购重组概念,东方财富
BK1078,BK1078,肝炎概念,东方财富
BK0619,BK0619,3D打印,东方财富
BK0668,BK0668,医疗器械概念,东方财富
BK1146,BK1146,减肥药,东方财富
BK1000,BK1000,宁组合,东方财富
BK0617,BK0617,石墨烯,东方财富
BK0999,BK0999,茅指数,东方财富
BK0813,BK0813,雄安新区,东方财富
BK0958,BK0958,虚拟电厂,东方财富
BK1013,BK1013,华为欧拉,东方财富
BK1156,BK1156,PEEK材料概念,东方财富
BK0963,BK0963,商业航天,东方财富
BK1144,BK1144,高压快充,东方财富
BK0662,BK0662,在线教育,东方财富
BK0923,BK0923,抖音概念(字节概念),东方财富
BK0809,BK0809,AI智能体,东方财富
BK0905,BK0905,传感器,东方财富
BK0966,BK0966,碳交易,东方财富
BK0986,BK0986,CAR-T细胞疗法,东方财富
BK0816,BK0816,昨日连板,东方财富
BK1024,BK1024,绿色电力,东方财富
BK1189,BK1189,腾讯云,东方财富
BK1110,BK1110,Web3.0,东方财富
BK0653,BK0653,养老概念,东方财富
BK1174,BK1174,合成生物,东方财富
BK1160,BK1160,柔性屏(折叠屏),东方财富
BK0667,BK0667,国家安防,东方财富
BK0514,BK0514,参股券商,东方财富
BK1170,BK1170,AI制药（医疗）,东方财富
BK0710,BK0710,量子科技,东方财富
BK0675,BK0675,病毒防治,东方财富
BK0556,BK0556,移动支付,东方财富
BK1075,BK1075,电子身份证,东方财富
BK0604,BK0604,参股保险,东方财富
BK0995,BK0995,华为昇腾,东方财富
BK1064,BK1064,东数西算,东方财富
BK0548,BK0548,生物疫苗,东方财富
BK0689,BK0689,阿里概念,东方财富
BK1051,BK1051,昨日连板_含一字,东方财富
BK0525,BK0525,参股银行,东方财富
BK0611,BK0611,上证50_,东方财富
BK0833,BK0833,小米概念,东方财富
BK0697,BK0697,IPO受益,东方财富
BK1055,BK1055,虚拟数字人,东方财富
BK0493,BK0493,新能源,东方财富
BK1071,BK1071,跨境支付,东方财富
BK1089,BK1089,汽车热管理,东方财富
BK0906,BK0906,流感,东方财富
BK0823,BK0823,养老金,东方财富
BK1135,BK1135,数据要素,东方财富
BK1193,BK1193,海南自贸,东方财富
BK1155,BK1155,小米汽车,东方财富
BK1004,BK1004,工业母机,东方财富
BK0998,BK0998,机器视觉,东方财富
BK1009,BK1009,元宇宙概念,东方财富
BK1088,BK1088,F5G概念,东方财富
BK0861,BK0861,数字孪生,东方财富
BK0506,BK0506,创投,东方财富
BK0870,BK0870,单抗概念,东方财富
BK1100,BK1100,减速器,东方财富
BK0937,BK0937,蚂蚁概念,东方财富
BK1059,BK1059,百元股,东方财富
BK1126,BK1126,ChatGPT概念,东方财富
BK0968,BK0968,固态电池,东方财富
BK0567,BK0567,股权激励,东方财富
BK0655,BK0655,网络安全,东方财富
BK0814,BK0814,大飞机,东方财富
BK1153,BK1153,多模态AI,东方财富
BK0845,BK0845,百度概念,东方财富
BK0718,BK0718,证金持股,东方财富
BK0637,BK0637,互联金融,东方财富
BK0581,BK0581,智能电网,东方财富
BK1157,BK1157,飞行汽车(eVTOL),东方财富
BK0864,BK0864,氢能源,东方财富
BK1150,BK1150,新型工业化,东方财富
BK0835,BK0835,独角兽,东方财富
BK0953,BK0953,鸿蒙概念,东方财富
BK0615,BK0615,中药概念,东方财富
BK1136,BK1136,光通信模块,东方财富
BK0577,BK0577,核能核电,东方财富
BK0499,BK0499,AH股,东方财富
BK0592,BK0592,铁路基建,东方财富
BK0883,BK0883,数字货币,东方财富
BK0523,BK0523,新材料,东方财富
BK0682,BK0682,燃料电池,东方财富
BK0528,BK0528,转债标的,东方财富
BK1161,BK1161,英伟达概念,东方财富
BK0899,BK0899,CRO,东方财富
BK1138,BK1138,液冷概念,东方财富
BK1061,BK1061,数字经济,东方财富
BK0535,BK0535,QFII重仓,东方财富
BK0984,BK0984,华为汽车,东方财富
BK0549,BK0549,深圳特区,东方财富
BK0877,BK0877,PCB,东方财富
BK0588,BK0588,太阳能,东方财富
BK1111,BK1111,AIGC概念,东方财富
BK0623,BK0623,海洋经济,东方财富
BK1128,BK1128,CPO概念,东方财富
BK0594,BK0594,长江三角,东方财富
BK0704,BK0704,无人机,东方财富
BK1139,BK1139,中特估,东方财富
BK0494,BK0494,节能环保,东方财富
BK0920,BK0920,车联网(车路云),东方财富
BK0628,BK0628,智慧城市,东方财富
BK0715,BK0715,航母概念,东方财富
BK1104,BK1104,信创,东方财富
BK0700,BK0700,充电桩,东方财富
BK0705,BK0705,上证380,东方财富
BK0601,BK0601,海工装备,东方财富
BK1166,BK1166,低空经济,东方财富
BK0574,BK0574,锂电池,东方财富
BK0536,BK0536,基金重仓,东方财富
BK0696,BK0696,国产软件,东方财富
BK0922,BK0922,数据中心,东方财富
BK1184,BK1184,人形机器人,东方财富
BK0505,BK0505,中字头,东方财富
BK0989,BK0989,储能,东方财富
BK0860,BK0860,边缘计算,东方财富
BK0830,BK0830,区块链,东方财富
BK0644,BK0644,特斯拉,东方财富
BK0743,BK0743,深证100R,东方财富
BK0554,BK0554,物联网,东方财富
BK0802,BK0802,无人驾驶,东方财富
BK0595,BK0595,风能,东方财富
BK0832,BK0832,工业互联,东方财富
BK0808,BK0808,军民融合,东方财富
BK1106,BK1106,创新药,东方财富
BK0634,BK0634,大数据,东方财富
BK0612,BK0612,上证180_,东方财富
BK1188,BK1188,DeepSeek概念,东方财富
BK0638,BK0638,创业成份,东方财富
BK1134,BK1134,算力概念,东方财富
BK1005,BK1005,专精特新,东方财富
BK0712,BK0712,一带一路,东方财富
BK0579,BK0579,云计算,东方财富
BK0815,BK0815,昨日涨停,东方财富
BK1050,BK1050,昨日涨停_含一字,东方财富
BK0590,BK0590,西部大开发,东方财富
BK0552,BK0552,机构重仓,东方财富
BK0701,BK0701,中证500,东方财富
BK1194,BK1194,2025中报预增,东方财富
BK0714,BK0714,5G概念,东方财富
BK1090,BK1090,机器人概念,东方财富
BK0500,BK0500,HS300_,东方财富
BK0800,BK0800,人工智能,东方财富
BK0854,BK0854,华为概念,东方财富
BK0900,BK0900,新能源车,东方财富
BK0568,BK0568,深成500,东方财富
BK0490,BK0490,军工,东方财富
BK0879,BK0879,标准普尔,东方财富
BK0821,BK0821,MSCI中国,东方财富
BK0707,BK0707,沪股通,东方财富
BK0742,BK0742,创业板综,东方财富
BK0683,BK0683,央国企改革,东方财富
BK0867,BK0867,富时罗素,东方财富
BK0804,BK0804,深股通,东方财富
BK0596,BK0596,融资融券,东方财富
